<?xml version="1.0" encoding="UTF-8"?>  
<beans  xmlns="http://www.springframework.org/schema/beans"  
        xmlns:xsi="http://www.w3.org/2001/XMLSchema-instance"  
        xmlns:jaxws="http://cxf.apache.org/jaxws"  
        xsi:schemaLocation="    
            http://www.springframework.org/schema/beans     
            http://www.springframework.org/schema/beans/spring-beans-3.0.xsd    
            http://cxf.apache.org/jaxws    
            http://cxf.apache.org/schemas/jaxws.xsd">  
    <!-- Import apache CXF bean definition 固定-->  
    <import resource="classpath:META-INF/cxf/cxf.xml" />  
    <import resource="classpath:META-INF/cxf/cxf-extension-soap.xml" />  
    <import resource="classpath:META-INF/cxf/cxf-servlet.xml" />  
      
    <!-- services接口配置 -->  
    <bean id="helloServicesBean" class="com.ms.services.impl.HelloServicesImpl" />  
    <!-- CXF 配置WebServices的服务名及访问地址 -->  
    <jaxws:server id="helloServices" address="/HelloServices"   
            serviceClass="com.ms.services.IHelloServices">  
            <jaxws:serviceBean>  
                <ref bean="helloServicesBean"/>  
            </jaxws:serviceBean>  
    </jaxws:server>  
    
    <!-- 
    如果使用这个的话，在服务端代码里面使用的注解则是：
    @WebService(endpointInterface="com.ms.services.IHelloServices")
    
    <jaxws:endpoint id="helloServices" address="/HelloServices"   
            implementorClass="com.ms.services.IHelloServices">
        <jaxws:implementor>
            <ref bean="helloServicesBean"/>
        </jaxws:implementor>
    </jaxws:endpoint>
     -->
</beans>